{"cameraMode":{"drawMode":0,"name":"Shaded","section":"Shading Mode"},"sceneLighting":true,"audioPlay":false,"sceneViewState":{"m_AlwaysRefresh":false,"showFog":true,"showSkybox":true,"showFlares":true,"showImageEffects":true,"showParticleSystems":true,"showVisualEffectGraphs":true,"m_FxEnabled":true},"in2DMode":false,"pivot":{"x":0.7884764671325684,"y":1.6555233001708985,"z":1.0948493480682374},"rotation":{"x":-0.07002414017915726,"y":-0.5254101157188416,"z":0.043444812297821048,"w":-0.846849799156189},"size":3.084015369415283,"orthographic":true}